{"cameraMode":{"drawMode":0,"name":"Shaded","section":"Shading Mode"},"sceneLighting":false,"audioPlay":false,"sceneViewState":{"showFog":true,"showMaterialUpdate":false,"showSkybox":true,"showFlares":true,"showImageEffects":true,"showParticleSystems":true},"in2DMode":false,"pivot":{"x":129.59828186035157,"y":7.885937690734863,"z":88.25350952148438},"rotation":{"x":-0.10318715870380402,"y":0.04980258643627167,"z":-0.005176329519599676,"w":-0.9934008717536926},"size":38.21518325805664,"orthographic":false}