{"cameraMode":{"drawMode":0,"name":"Shaded","section":"Shading Mode"},"sceneLighting":false,"audioPlay":false,"sceneViewState":{"showFog":true,"showMaterialUpdate":false,"showSkybox":true,"showFlares":true,"showImageEffects":true,"showParticleSystems":true},"in2DMode":false,"pivot":{"x":-0.00005412101745605469,"y":2.6286463737487795,"z":0.00035381317138671875},"rotation":{"x":-0.024062445387244226,"y":-0.9645286202430725,"z":0.24525782465934754,"w":-0.0946267768740654},"size":12.738396644592286,"orthographic":true}